{
  "movineta0": {
    "roc-auc": 0.611304012345679,
    "pr-auc": 0.6084934687045715
  },
  "movineta1": {
    "roc-auc": 0.5628697273662551,
    "pr-auc": 0.5362556641595679
  },
  "movineta2": {
    "roc-auc": 0.5442708333333334,
    "pr-auc": 0.5095568185791005
  },
  "movineta3": {
    "roc-auc": 0.643491726680384,
    "pr-auc": 0.5960140124062496
  },
  "movineta4": {
    "roc-auc": 0.5198259602194788,
    "pr-auc": 0.4945566605621638
  },
  "movineta5": {
    "roc-auc": 0.5768229166666667,
    "pr-auc": 0.5383420161543795
  }
}
