{
  "roc-auc": 0.5768229166666667,
  "pr-auc": 0.5383420161543795
}
