{
  "roc-auc": 0.5442708333333334,
  "pr-auc": 0.5095568185791005
}
