{
  "roc-auc": 0.5599494170096022,
  "pr-auc": 0.5606670976890789
}
