{
  "roc-auc": 0.5936106824417009,
  "pr-auc": 0.6341288133390419
}
