{
  "roc-auc": 0.611304012345679,
  "pr-auc": 0.6084934687045715
}
