{
  "roc-auc": 0.4907568158436213,
  "pr-auc": 0.5101499002315038
}
