{
  "roc-auc": 0.643491726680384,
  "pr-auc": 0.5960140124062496
}
