{
  "roc-auc": 0.4977682398834019,
  "pr-auc": 0.5157763251854826
}
