{
  "roc-auc": 0.5055673439643348,
  "pr-auc": 0.5598346211596357
}
