{
  "roc-auc": 0.5198259602194788,
  "pr-auc": 0.4945566605621638
}
