{
  "roc-auc": 0.5628697273662551,
  "pr-auc": 0.5362556641595679
}
