{
  "roc-auc": 0.4825799468449931,
  "pr-auc": 0.4735527083722386
}
